<?xml version="1.0" encoding="UTF-8"?>

<mule xmlns:ee="http://www.mulesoft.org/schema/mule/ee/core"
	xmlns:http="http://www.mulesoft.org/schema/mule/http" xmlns="http://www.mulesoft.org/schema/mule/core"
	xmlns:doc="http://www.mulesoft.org/schema/mule/documentation"
	xmlns:xsi="http://www.w3.org/2001/XMLSchema-instance"
	xsi:schemaLocation="http://www.mulesoft.org/schema/mule/core http://www.mulesoft.org/schema/mule/core/current/mule.xsd
http://www.mulesoft.org/schema/mule/http http://www.mulesoft.org/schema/mule/http/current/mule-http.xsd
http://www.mulesoft.org/schema/mule/ee/core http://www.mulesoft.org/schema/mule/ee/core/current/mule-ee.xsd">

	<configuration-properties file="config.properties" />

	<http:listener-config name="HTTP_Listener_config"
		doc:name="HTTP Listener config" doc:id="82cd979f-e53e-470e-a282-a622d57c8202">
		<http:listener-connection host="${mule.service.host}"
			port="${mule.service.port}" />
	</http:listener-config>
	
	<http:request-config name="HTTP_Request_configuration"
		doc:name="HTTP Request configuration" doc:id="3f95e5cb-bd87-44ab-b91a-06a2fa693e63">
		<http:request-connection host="${rest.service.host}"
			port="${rest.service.port}" />
	</http:request-config>
	
	<http:request-config name="HTTP_Request_configuration2"
		doc:name="HTTP Request configuration2" doc:id="8dbe07ab-16a0-4269-a4db-1daf02f8e00f">
		<http:request-connection host="${rest.service.host}"
			port="${rest.service.port}" />
	</http:request-config>
	
	<http:request-config name="HTTP_Request_configuration3"
		doc:name="HTTP Request configuration3" doc:id="e10d377f-e1da-4b22-9050-938ad9252232">
		<http:request-connection host="${rest.service.host}"
			port="${rest.service.port}" />
	</http:request-config>
	
	<flow name="workflowFlow" doc:id="199eee56-6021-4127-9483-78406aa2e696">
		<http:listener doc:name="Listener"
			doc:id="08afad73-ab84-4403-9064-45eff831b1ae" config-ref="HTTP_Listener_config"
			path="/workflow/{pathvar}" allowedMethods="GET, POST">
			<ee:repeatable-file-store-stream bufferUnit="MB" />
		</http:listener>
		<choice doc:name="Choice" doc:id="3cb0147b-703e-487b-8312-c3f69cac1fba" >
			<when expression='#[message.attributes.uriParams.pathvar == "${rest.service.demoapi.profile}"]'>
				<http:request method="GET" doc:name="Request" doc:id="a5dab9b8-7bd7-40f6-a65c-d46a6bf41443" config-ref="HTTP_Request_configuration" path="/${rest.service.basepath}/${rest.service.demoapi.profile}" />
			</when>
			<when expression='#[message.attributes.method == "POST" and message.attributes.uriParams.pathvar == "${rest.service.demoapi.product}"]'>
				<http:request method="POST" doc:name="Request" doc:id="7a3cc686-3e91-4997-a9fc-ebf1ca78b605" config-ref="HTTP_Request_configuration3" path="/${rest.service.basepath}/${rest.service.demoapi.product}" />
			</when>
			<when expression='#[message.attributes.method == "GET" and message.attributes.uriParams.pathvar == "${rest.service.demoapi.product}"]'>
				<http:request method="GET" doc:name="Request" doc:id="1ce658d4-b210-458e-8a93-cf0007e09971" config-ref="HTTP_Request_configuration2" path="/${rest.service.basepath}/${rest.service.demoapi.product}" />
			</when>			
			<!-- <otherwise>
			<http:request method="GET" doc:name="Request" doc:id="f86eba6a-060c-4a43-8f01-134da8495f29" config-ref="HTTP_Request_configuration2" path="/rest/products" />
			</otherwise> -->
		</choice>
	</flow>
</mule>
